4FGL Name, NS, NS_BIN, HMXB, LMXB, AGN, CV, YSO, HM-STAR, LM-STAR, gamma-candidate, coverage (%)
J0039.7+4203,2/0,0/0,0/0,0/0,9/9,0/0,0/0,0/0,0/0,7A 1N,100
J0040.2--2725,1/0,0/0,0/0,0/0,5/5,0/0,0/0,0/0,1/1,5A  1N,100
J0132.9--4259,6/0,2/0,0/0,0/0,14/12,0/0,0/0,0/0,0/0,11A 2N 2B,44
J0333.4--2705,5/0,1/0,0/0,0/0,17/13,0/0,0/0,0/0,0/0,12A 4N 1B,90
J0439.9--0535,1/0,0/0,0/0,0/0,4/3,0/0,0/0,0/0,0/0,3A 1N,97
J0535.3+0934,2/0,0/0,0/0,0/0,5/5,1/0,0/0,0/0,6/6,5A  1N,90
J0535.1--5422,0/0,0/0,0/0,0/0,1/1,0/0,0/0,0/0,0/0,1A,44
J0537.5+0959,0/0,0/0,0/0,0/0,1/1,0/0,0/0,0/0,0/0,1A,22
J0558.7--4957,0/0,0/0,0/0,0/0,1/1,0/0,0/0,0/0,0/0,1A,4
J0616.5+2235,2/0,0/0,0/0,0/0,0/0,0/0,0/0,0/0,0/0,2N,100
J0639.1--8009,8/0,0/0,0/0,0/0,22/17,2/1,0/0,0/0,1/0,18A  6N,62
J0640.4+3307,0/0,0/0,0/0,0/0,1/1,0/0,0/0,0/0,0/0,1A,22
J0737.4+6535,10/3,0/0,0/0,1/0,4/4,0/0,0/0,0/0,1/0,2A  6N,100
J0826.1--5053,4/0,0/0,0/0,0/0,1/0,0/0,0/0,0/0,2/1,1A 1N,100
J0847.8--4138,6/0,0/0,0/0,1/0,0/0,0/0,4/3,0/0,13/9,5N,96
J0848.2--4527,27/17,0/0,0/0,1/0,0/0,2/0,0/0,0/0,7/5,25N,100
J0854.9--4426,1/0,0/0,0/0,0/0,0/0,0/0,1/1,0/0,2/2,1N,95
J1018.1--4051,0/0,0/0,0/0,0/0,1/1,0/0,0/0,0/0,0/0,1A,22
J1024.5--4543,0/0,0/0,0/0,0/0,3/2,0/0,0/0,0/0,0/0,3A,100
J1025.9+1244,3/0,0/0,0/0,0/0,4/4,0/0,0/0,0/0,0/0,4A 3N,100
J1048.5--5923,0/0,0/0,0/0,0/0,0/0,0/0,0/0,0/0,1/1,,68
J1054.0--5938,15/1,0/0,0/0,0/0,0/0,2/2,1/1,0/0,7/4,14N,77
J1109.8+4406,1/0,0/0,0/0,0/0,9/7,0/0,0/0,0/0,0/0,7A 1N,78
J1110.3--6501,6/0,0/0,0/0,0/0,0/0,0/0,0/0,0/0,3/3,4N,81
J1116.3+1818,3/0,0/0,0/0,0/0,9/7,0/0,0/0,0/0,0/0,5A 2N,65
J1242.6+3236,1/0,0/0,0/0,0/0,3/3,0/0,0/0,0/0,0/0,2A,100
J1256.9+2736,44/0,3/0,0/0,0/0,59/38,2/1,5/1,0/0,1/0,51A  34N 2B,100
J1312.3--6257,1/0,0/0,0/0,0/0,0/0,0/0,3/1,1/0,2/2,1N,47
J1313.2--4437,1/0,0/0,0/0,0/0,3/3,0/0,0/0,0/0,0/0,3A 1N,100
J1350.9--2757,0/0,0/0,0/0,0/0,1/0,0/0,0/0,0/0,0/0,1A,4
J1400.4--6050,0/0,0/0,0/0,0/0,0/0,0/0,0/0,0/0,2/1,,100
J1401.2--6116,0/0,0/0,0/0,0/0,0/0,0/0,0/0,0/0,2/2,,98
J1405.3--6008,4/1,0/0,0/0,0/0,0/0,0/0,0/0,0/0,1/1,3N,29
J1409.8+7921,0/0,0/0,0/0,0/0,2/2,0/0,0/0,0/0,0/0,2A,100
J1417.7--6057,2/0,0/0,0/0,0/0,0/0,0/0,0/0,0/0,1/1,,100
J1418.7--6110,0/0,0/0,0/0,0/0,0/0,0/0,0/0,0/0,1/1,,63
J1419.2--6029,0/0,0/0,0/0,0/0,0/0,0/0,0/0,0/0,1/1,,25
J1427.8--6051,3/0,0/0,0/0,0/0,0/0,0/0,0/0,0/0,2/1,,100
J1510.9+0551,4/0,0/0,0/0,0/0,6/4,0/0,0/0,0/0,0/0,5A 4N,100
J1519.7+6727,2/0,0/0,0/0,0/0,1/1,0/0,0/0,0/0,0/0,1A 2N,100
J1522.5+0844,1/0,0/0,0/0,0/0,3/2,0/0,0/0,0/0,0/0,2A 1N,98
J1524.6--6245,4/0,0/0,0/0,0/0,0/0,0/0,0/0,0/0,3/2,4N,98
J1541.5--4215,0/0,0/0,0/0,0/0,1/0,0/0,0/0,0/0,0/0,1A,33
J1556.5+1116,27/1,0/0,0/0,1/0,16/9,0/0,0/0,0/0,0/0,8A  7N,76
J1615.3--6034,1/0,0/0,0/0,0/0,2/1,0/0,0/0,0/0,1/1,2A  1N,75
J1616.6--5009,0/0,0/0,0/0,0/0,0/0,1/0,0/0,0/0,4/3,,55
J1628.0--4920,11/0,0/0,2/2,0/0,0/0,3/2,2/1,0/0,4/0,2H  10N,99
J1628.6--4553,1/0,0/0,0/0,0/0,0/0,0/0,0/0,0/0,2/1,,72
J1648.4--4554,7/0,0/0,0/0,0/0,0/0,0/0,0/0,0/0,2/0,4N,99
J1652.2--4516,2/1,0/0,0/0,2/2,0/0,0/0,3/0,0/0,0/0,2N,47
J1654.7--3639,5/0,0/0,0/0,0/0,0/0,0/0,0/0,0/0,2/1,4N,53
J1700.3--4557,1/1,0/0,0/0,0/0,0/0,1/1,1/1,0/0,1/0,1N,44
J1701.9--4625,9/0,0/0,0/0,0/0,0/0,0/0,1/0,0/0,2/2,5N,31
J1706.4+6428,0/0,0/0,0/0,0/0,5/4,0/0,0/0,0/0,0/0,5A,74
J1714.9--3324,4/1,0/0,0/0,0/0,0/0,1/0,0/0,0/0,4/2,4N,92
J1717.5--4022,19/0,0/0,0/0,0/0,0/0,0/0,0/0,0/0,4/3,13N,71
J1717.8+1955,0/0,0/0,0/0,0/0,3/1,0/0,0/0,0/0,0/0,3A,48
J1718.5+4237,0/0,0/0,0/0,0/0,3/3,0/0,0/0,0/0,0/0,2A,50
J1719.0--4038,2/0,0/0,0/0,0/0,0/0,0/0,0/0,0/0,1/0,1N,81
J1719.4--2916,7/1,0/0,0/0,0/0,0/0,1/1,0/0,1/0,2/2,6N,62
J1723.1--2859,1/0,0/0,0/0,0/0,0/0,0/0,0/0,0/0,0/0,1N,9
J1725.1--3408,8/0,0/0,0/0,0/0,0/0,0/0,4/1,1/1,0/0,7N,52
J1728.0--3550,16/0,0/0,0/0,0/0,0/0,0/0,8/6,1/1,3/2,7N,100
J1727.7--3621,0/0,0/0,0/0,0/0,0/0,0/0,0/0,0/0,1/0,,41
J1729.1--3503,2/0,0/0,0/0,0/0,0/0,0/0,3/2,0/0,1/1,2N,100
J1730.1--3422,3/0,0/0,0/0,0/0,0/0,0/0,0/0,0/0,2/1,,61
J1731.6+0630,0/0,0/0,0/0,0/0,6/5,0/0,0/0,0/0,4/4,3A,7
J1733.6--2431,3/0,0/0,0/0,0/0,0/0,0/0,0/0,0/0,1/1,3N,63
J1733.9--2220,1/0,0/0,0/0,1/0,0/0,0/0,0/0,0/0,3/3,1N,18
J1737.1--2901,5/0,0/0,0/0,0/0,0/0,0/0,0/0,0/0,2/1,5N,94
J1737.3--3332,4/0,0/0,0/0,1/0,0/0,0/0,3/1,1/1,3/1,4N,100
J1738.8--3241,1/0,0/0,0/0,0/0,0/0,0/0,2/1,0/0,2/1,1N,94
J1739.1--3446,6/1,0/0,0/0,0/0,0/0,0/0,0/0,0/0,0/0,5N,35
J1739.5--2929,24/3,0/0,0/0,1/0,0/0,0/0,7/3,0/0,5/2,16N,100
J1739.7--2836,7/0,0/0,0/0,3/2,0/0,1/0,1/1,0/0,4/1,6N,100
J1740.6--2808,14/1,0/0,0/0,0/0,0/0,0/0,2/2,0/0,6/3,10N,100
J1740.4--2850,3/0,0/0,0/0,0/0,0/0,0/0,1/1,0/0,1/1,3N,100
J1741.1--3328,7/0,0/0,0/0,0/0,0/0,0/0,1/0,0/0,0/0,6N,82
J1741.3--3357,5/0,0/0,0/0,0/0,0/0,0/0,1/0,0/0,1/1,5N,90
J1741.5--2344,1/0,0/0,0/0,0/0,0/0,0/0,1/0,0/0,1/1,1N,41
J1742.0--3020,3/0,0/0,0/0,0/0,0/0,0/0,1/1,0/0,2/0,3N,100
J1742.5--2833,14/0,0/0,0/0,1/0,0/0,0/0,2/0,0/0,4/1,12N,100
J1743.4--3406,5/0,0/0,0/0,0/0,0/0,0/0,0/0,1/1,2/1,5N,63
J1743.4--3123,3/1,0/0,0/0,0/0,0/0,0/0,2/0,0/0,1/0,1N,100
J1744.9--2905,36/1,0/0,0/0,0/0,0/0,4/0,9/5,0/0,0/0,25N,100
J1745.6--3145,1/0,0/0,0/0,0/0,0/0,0/0,0/0,0/0,1/1,1N,33
J1747.8--3006,7/1,0/0,0/0,1/0,0/0,0/0,2/2,0/0,4/0,4N,100
J1747.9--3224,1/0,0/0,0/0,0/0,0/0,0/0,0/0,0/0,0/0,1N,80
J1748.3--2906,2/0,0/0,0/0,0/0,0/0,0/0,1/1,0/0,1/0,1N,100
J1750.4--3023,10/0,1/0,0/0,0/0,0/0,0/0,5/1,0/0,6/2,9N 1B,100
J1750.8--3106,15/2,0/0,0/0,4/2,0/0,1/1,5/3,0/0,3/2,14N,58
J1751.6--3002,36/5,0/0,0/0,3/1,0/0,0/0,7/4,1/0,13/2,27N,100
J1752.3--2914,5/2,0/0,0/0,1/0,0/0,0/0,1/0,0/0,2/1,4N,100
J1752.7--3040,1/0,0/0,0/0,0/0,0/0,0/0,0/0,0/0,1/1,1N,34
J1754.3--2915,11/1,0/0,0/0,0/0,0/0,0/0,0/0,0/0,6/1,8N,100
J1754.6--2933,4/0,0/0,0/0,0/0,0/0,0/0,0/0,0/0,1/0,3N,100
J1755.7--3259,0/0,0/0,0/0,0/0,0/0,0/0,0/0,0/0,1/1,,39
J1756.1--2516,0/0,0/0,0/0,0/0,0/0,0/0,0/0,0/0,2/1,,31
J1758.0--2953,3/0,0/0,0/0,0/0,0/0,0/0,0/0,0/0,1/0,3N,95
J1758.6--2404,0/0,0/0,0/0,0/0,0/0,0/0,1/0,0/0,0/0,,100
J1759.5--2312,2/0,0/0,0/0,0/0,0/0,0/0,3/2,0/0,1/0,2N,95
J1759.7--2354,1/0,0/0,0/0,0/0,0/0,0/0,2/1,0/0,3/3,1N,98
J1800.7--2355,1/0,0/0,0/0,0/0,0/0,0/0,0/0,0/0,0/0,,100
J1800.9--2407,26/2,0/0,0/0,1/0,0/0,0/0,7/5,0/0,3/2,6N,100
J1801.6--2326,2/0,0/0,0/0,0/0,0/0,0/0,1/1,0/0,0/0,2N,100
J1804.9--3001,0/0,0/0,0/0,0/0,0/0,0/0,0/0,0/0,1/1,,25
J1806.2--2126,3/0,0/0,0/0,1/0,0/0,0/0,0/0,0/0,1/1,3N,100
J1809.0+5908,2/0,0/0,0/0,0/0,4/3,0/0,0/0,0/0,0/0,3A 2N,79
J1808.9--2607,9/0,0/0,0/0,0/0,0/0,0/0,0/0,0/0,0/0,8N,52
J1814.0+0043,1/1,0/0,0/0,0/0,2/0,1/0,0/0,0/0,4/4,2A,57
J1815.8--1416,11/0,0/0,2/0,2/1,0/0,1/1,1/0,0/0,0/0,2H  11N,54
J1817.7--2517,23/1,0/0,0/0,0/0,0/0,0/0,0/0,0/0,8/4,18N,85
J1818.6--3206,0/0,0/0,0/0,0/0,0/0,0/0,0/0,0/0,1/1,,14
J1820.3--1009,4/0,0/0,0/0,0/0,0/0,0/0,0/0,0/0,3/2,2N,53
J1823.3--1340,0/0,0/0,0/0,0/0,0/0,0/0,2/1,0/0,0/0,,100
J1830.7--3219,10/0,0/0,0/0,0/0,6/1,0/0,0/0,0/0,16/13,2A  4N,98
J1830.7--2414,0/0,0/0,0/0,0/0,1/0,0/0,0/0,0/0,1/1,1A,53
J1831.4--2909,9/0,1/0,0/0,0/0,4/2,0/0,0/0,0/0,4/0,3A  8N,40
J1831.8--2514,0/0,0/0,0/0,0/0,0/0,0/0,0/0,0/0,1/1,,10
J1832.4--0847,0/0,0/0,0/0,0/0,0/0,0/0,1/0,0/0,1/1,,100
J1836.8--2354,5/0,0/0,0/0,0/0,6/3,2/0,0/0,0/0,8/5,3A   2N,100
J1836.8--0727,0/0,0/0,0/0,0/0,0/0,0/0,0/0,0/0,1/1,,75
J1838.4--0545,2/0,0/0,0/0,0/0,0/0,0/0,1/1,0/0,3/2,2N,88
J1839.2--0420,0/0,0/0,0/0,0/0,0/0,0/0,1/0,0/0,0/0,,93
J1844.4--0306,8/1,0/0,0/0,0/0,0/0,0/0,6/2,0/0,2/2,7N,99
J1846.9--0227,4/0,0/0,0/0,0/0,0/0,0/0,2/2,0/0,2/1,1N,90
J1847.2--0141,4/0,0/0,0/0,0/0,0/0,1/1,3/1,0/0,2/1,2N,85
J1847.7--0125,2/0,0/0,0/0,0/0,0/0,0/0,1/0,0/0,1/0,1N,100
J1848.7--6307,3/0,0/0,0/0,0/0,6/4,0/0,0/0,0/0,2/1,3A  2N,100
J1855.2+0456,1/0,0/0,0/0,0/0,0/0,0/0,0/0,0/0,1/0,1N,52
J1857.1+0056,0/0,0/0,0/0,0/0,0/0,0/0,0/0,0/0,1/1,,100
J1900.7+0426,4/0,0/0,0/0,0/0,0/0,0/0,0/0,0/0,4/2,2N,94
J1901.5--2208,3/0,0/0,0/0,0/0,5/4,0/0,0/0,0/0,2/2,5A  3N,94
J1902.2+0448,2/0,0/0,0/0,0/0,0/0,0/0,0/0,0/0,1/1,2N,57
J1906.9+0712,2/0,0/0,1/0,0/0,0/0,0/0,0/0,0/0,1/1,1H 1N,100
J1912.2--3636,0/0,1/1,0/0,0/0,3/2,1/0,0/0,0/0,0/0,3A  1B,39
J1912.7+0957,17/1,0/0,0/0,1/0,0/0,0/0,5/2,0/0,5/4,8N,100
J1929.8+1832,1/0,0/0,0/0,0/0,0/0,0/0,0/0,0/0,1/1,1N,23
J1951.0+2523,1/0,0/0,0/0,0/0,0/0,0/0,0/0,0/0,0/0,1N,22
J2042.7+1519,0/0,0/0,0/0,0/0,1/0,1/1,0/0,0/0,0/0,,100
J2108.0+5155,1/0,0/0,0/0,0/0,0/0,0/0,1/1,0/0,1/1,1N,100
J2112.5--3043,1/0,0/0,0/0,0/0,0/0,0/0,0/0,0/0,0/0,1N,100
J2122.3+7653,0/0,0/0,0/0,0/0,1/1,0/0,0/0,0/0,0/0,1A,97
J2144.7--5640,2/0,0/0,0/0,0/0,9/8,0/0,0/0,0/0,0/0,8A 2N,100
J2203.3--5009,0/0,0/0,0/0,0/0,1/1,0/0,0/0,0/0,0/0,1A,8
J2210.2+5919,31/9,0/0,0/0,0/0,0/0,0/0,2/1,1/0,7/5,18N,78
J2234.8--2610,6/0,1/0,0/0,0/0,13/7,0/0,0/0,0/0,0/0,11A 5N 1B,74
J2240.3--5241,0/0,0/0,0/0,0/0,2/2,0/0,0/0,0/0,0/0,2A,88
J2320.7+6115,39/1,0/0,0/0,1/0,0/0,1/0,3/0,1/0,31/20,23N,96
J2344.7--4234,13/0,1/0,0/0,0/0,21/14,0/0,0/0,0/0,2/1,13A 5N,88
J2355.2--5247,3/0,0/0,0/0,0/0,0/0,0/0,0/0,0/0,0/0,2N,72
J2357.7+6802,17/4,0/0,0/0,0/0,0/0,2/0,5/2,0/0,8/7,13N,97
J2358.7+5646,0/0,0/0,0/0,0/0,0/0,0/0,0/0,0/0,2/2,,67